Day,Susceptible,Infected,Recovered,Reported_Cases,Beta_Effective,Season_Index
341,1369643156,186029,10020965,16375,0.184684462,1.15
342,1369625068,185407,10039411,18088,0.185500139,1.15
343,1369604722,185809,10059133,20346,0.187410148,1.15
344,1369586583,187538,10075309,18139,0.187936975,1.15
345,1369568361,185207,10095634,18222,0.189717976,1.15
346,1369549716,182046,10117239,18645,0.193156763,1.15
347,1369533405,178375,10137060,16311,0.195002028,1.15
348,1369520821,171914,10155938,12584,0.190745253,1.15
349,1369504853,169767,10173851,15968,0.189495818,1.15
350,1369487907,170233,10190133,16946,0.18664322,1.15
351,1369472317,169491,10206274,15590,0.184906257,1.15
352,1369457159,166614,10224134,15158,0.182682514,1.15
353,1369442015,161432,10244279,15144,0.179869525,1.15
354,1369428227,157097,10262257,13788,0.178665856,1.15
355,1369418163,148969,10280312,10064,0.176800061,1.15
356,1369404340,144187,10298755,13823,0.176775424,1.15
357,1369389117,143146,10314868,15223,0.178435695,1.15
358,1369374572,145135,10327261,14545,0.181325282,1.15
359,1369360316,143446,10343054,14256,0.183858989,1.15
360,1369345467,141375,10359819,14849,0.187495602,1.15
361,1369332264,139002,10375264,13203,0.189794887,1.15
362,1369323162,132966,10390285,9102,0.190204692,1.15
363,1369310473,130536,10405267,12689,0.190966509,1.15
364,1369298807,128442,10418904,11666,0.18630153,1.15
365,1369279952,137233,10428805,18855,0.199315283,1.15
366,1369266869,136508,10442476,13083,0.198484604,1.15
367,1369253817,134365,10457544,13052,0.196210979,1.15
368,1369242390,131260,10471958,11427,0.19380965,1.15
369,1369233755,125662,10486097,8635,0.19389854,1.15
370,1369222716,121879,10500809,11039,0.191716541,1.15
371,1369209817,121591,10513889,12899,0.196459358,1.15
372,1369197409,124940,10522828,12408,0.183575416,1.15
373,1369185696,124006,10535380,11713,0.18312058,1.15
374,1369173637,124448,10546919,12059,0.183592137,1.15
375,1369161806,117458,10565656,11831,0.186480031,1.15
376,1369152696,113501,10578645,9110,0.189871825,1.15
377,1369141629,111532,10591587,11067,0.192654897,1.15
378,1369128706,113027,10602907,12923,0.195546185,1.15
379,1369119397,113734,10611422,9309,0.189878644,1.15
380,1369107254,114830,10622366,12143,0.193629073,1.15
381,1369095060,114111,10635187,12194,0.196207148,1.15
382,1369083411,113346,10647511,11649,0.198229543,1.15
383,1369074290,110751,10659146,9121,0.199069105,1.15
384,1369062680,110296,10671111,11610,0.201179985,1.15
385,1369049799,111353,10682834,12881,0.201446189,1.15
386,1369036606,115426,10691857,13193,0.211849587,1.15
387,1369022613,118354,10702821,13993,0.216016685,1.15
388,1369008349,119697,10715652,14264,0.220145125,1.15
389,1368994150,124594,10724871,14199,0.224910562,1.15
390,1368983566,123038,10736933,10584,0.226201641,1.15
391,1368969824,124582,10749027,13742,0.228179218,1.15
392,1368953086,129634,10760575,16738,0.233241238,1.15
393,1368936509,137067,10769599,16577,0.235949979,1.135714286
394,1368920021,141933,10781108,16488,0.235682467,1.121428571
395,1368903269,145781,10793899,16752,0.234967226,1.107142857
396,1368887759,148075,10807009,15510,0.231446643,1.092857143
397,1368875473,146355,10820924,12286,0.230879262,1.09
398,1368860484,147086,10835084,14989,0.228210638,1.087142857
399,1368843077,150343,10849145,17407,0.223602925,1.084285714
400,1368826239,156604,10859609,16838,0.219032288,1.095714286
401,1368807912,161194,10873238,18327,0.218094932,1.107142857
402,1368789201,163180,10889863,18711,0.217536018,1.118571429
403,1368770602,165211,10906334,18599,0.219723742,1.13
404,1368755214,164125,10922731,15388,0.222655349,1.13
405,1368737293,165259,10939385,17921,0.224609789,1.13
406,1368714439,172566,10954806,22854,0.23035869,1.13
407,1368691154,183561,10966979,23285,0.236969084,1.13
408,1368666272,193422,10981860,24882,0.242308715,1.118571429
409,1368640952,201274,10999167,25320,0.246583817,1.107142857
410,1368614661,210706,11015908,26291,0.251382415,1.095714286
411,1368590169,216817,11034158,24492,0.258039309,1.084285714
412,1368561266,226954,11052736,28903,0.264990486,1.072857143
413,1368525395,244180,11071209,35871,0.2706891,1.061428571
414,1368485669,268481,11086480,39726,0.278691703,1.05
415,1368444716,291465,11104261,40953,0.283591043,1.05
416,1368400870,312421,11126954,43846,0.289223597,1.05
417,1368353919,335993,11150121,46951,0.294894453,1.05
418,1368313204,351758,11174872,40715,0.29632437,1.05
419,1368265942,373613,11200004,47262,0.2966357,1.05
420,1368212466,400719,11226123,53476,0.29234554,1.05
421,1368153348,435242,11250461,59118,0.287987043,1.05
422,1368091090,468494,11279176,62258,0.285261753,1.05
423,1368028376,495222,11314850,62714,0.280497407,1.05
424,1367960356,523437,11354364,68020,0.276782972,1.05
425,1367904145,538623,11395118,56211,0.272818388,1.05
426,1367850665,548178,11438689,53480,0.262721596,1.05
427,1367778335,573349,11485389,72330,0.259509768,1.05
428,1367696869,613888,11525847,81466,0.257954558,1.05
429,1367607740,655332,11572818,89129,0.258586819,1.05
430,1367514491,694904,11625982,93249,0.261030789,1.05
431,1367410933,739157,11684809,103558,0.264411074,1.05
432,1367313951,773706,11746796,96982,0.271291289,1.05
433,1367198215,826452,11809156,115736,0.285807346,1.05
434,1367071426,884995,11876717,126789,0.292016481,1.05
435,1366939458,960441,11932459,131968,0.294065011,1.05
436,1366794074,1052265,11985225,145384,0.295872059,1.05
437,1366641195,1132488,12057042,152879,0.296759853,1.05
438,1366472283,1219508,12138030,168912,0.296823761,1.05
439,1366310547,1291682,12226713,161736,0.297258831,1.05
440,1366126175,1382408,12319332,184372,0.295314156,1.05
441,1365925436,1479236,12422205,200739,0.29298108,1.05
442,1365708083,1599202,12518407,217353,0.29238753,1.05
443,1365473391,1717611,12633349,234692,0.291094113,1.05
444,1365211891,1851660,12759299,261500,0.293144579,1.05
445,1364938081,1992787,12890363,273810,0.292820379,1.05
446,1364678911,2105691,13034868,259170,0.292121022,1.05
447,1364383870,2246857,13186720,295041,0.291412741,1.05
448,1364069035,2391714,13354594,314835,0.28999612,1.05
449,1363736305,2561630,13515145,332730,0.287793989,1.05
450,1363389519,2722761,13698176,346786,0.284565446,1.05
451,1363039828,2870447,13897414,349691,0.277745788,1.05
452,1362686837,3004892,14113148,352991,0.270611472,1.05
453,1362363693,3092334,14346079,323144,0.264159026,1.05
454,1362002733,3190524,14605556,360960,0.257458849,1.05
455,1361623476,3294430,14877262,379257,0.251377237,1.05
456,1361237024,3420477,15134169,386452,0.245133023,1.05
457,1360835031,3526530,15426586,401993,0.240034107,1.05
458,1360442543,3603261,15738654,392488,0.235138676,1.05
459,1360074396,3638073,16068572,368147,0.229177221,1.05
460,1359717167,3647838,16412587,357229,0.226527151,1.05
461,1359334852,3679975,16758985,382315,0.223135966,1.05
462,1358922590,3738911,17108331,412262,0.22121912,1.05
463,1358508402,3829538,17427977,414188,0.219392864,1.05
464,1358107324,3868992,17785414,401078,0.215748363,1.05
465,1357703586,3893070,18160982,403738,0.213797274,1.05
466,1357337425,3872442,18544017,366161,0.211500089,1.05
467,1357007483,3799964,18942561,329942,0.207784311,1.05
468,1356659062,3755472,19331269,348421,0.204034273,1.05
469,1356296335,3749912,19695436,362727,0.199610394,1.05
470,1355953191,3735742,20048750,343144,0.19407055,1.05
471,1355627093,3679822,20426878,326098,0.189056207,1.05
472,1355315923,3578745,20835048,311170,0.183355373,1.05
473,1355034537,3445591,21245482,281386,0.178915339,1.05
474,1354771004,3307593,21642684,263533,0.176420523,1.05
475,1354503670,3170865,22042217,267334,0.173302038,1.05
476,1354227560,3081060,22404258,276110,0.170578687,1.05
477,1353968009,3010460,22730200,259551,0.168503699,1.05
478,1353710710,2919034,23074731,257299,0.168010036,1.05
479,1353469868,2797485,23433381,240842,0.16744668,1.05
480,1353247553,2676308,23772419,222315,0.167723338,1.05
481,1353051126,2547455,24094188,196427,0.166852604,1.05
482,1352842205,2445578,24400829,208921,0.167228495,1.05
483,1352630907,2375517,24678341,211298,0.167062267,1.05
484,1352444543,2298897,24937665,186364,0.165403799,1.05
485,1352270753,2205930,25200805,173790,0.162554026,1.028571429
486,1352105200,2095654,25473174,165553,0.160404959,1.007142857
487,1351952466,1990163,25728271,152734,0.158507122,0.985714286
488,1351824956,1861090,25982059,127510,0.155808154,0.964285714
489,1351692168,1753986,26218744,132788,0.152720033,0.942857143
490,1351558014,1666785,26437212,134154,0.14984933,0.921428571
491,1351425650,1603669,26629979,132364,0.15014777,0.9
492,1351305121,1515514,26835283,120529,0.150036351,0.9
493,1351190661,1419459,27043121,114460,0.15019101,0.9
494,1351090025,1334432,27226357,100636,0.149626489,0.9
495,1351003527,1247812,27397352,86498,0.149857275,0.9
496,1350910931,1175843,27559698,92596,0.150703765,0.9
497,1350816879,1113900,27709545,94052,0.151738682,0.9
498,1350725177,1077402,27834342,91702,0.152601485,0.9
499,1350640845,1028324,27963750,84332,0.153522204,0.9
500,1350560011,974378,28095227,80834,0.154432751,0.9
501,1350489590,910941,28225164,70421,0.154843932,0.9
502,1350429119,850280,28343570,60471,0.155308647,0.9
503,1350366895,797721,28455811,62224,0.15501827,0.9
504,1350299687,768111,28550299,67208,0.156272444,0.9
505,1350237207,745909,28633394,62480,0.155994685,0.9
506,1350176454,716421,28721988,60753,0.156930022,0.9
507,1350118035,682515,28812737,58419,0.157795101,0.9
508,1350064779,646568,28900518,53256,0.159483061,0.9
509,1350022139,606435,28982124,42640,0.159362177,0.9
510,1349971291,577633,29060416,50848,0.162483951,0.9
511,1349917222,562290,29128507,54069,0.1652233,0.9
512,1349865555,553744,29187391,51667,0.168309834,0.9
513,1349816857,540682,29247968,48698,0.170213492,0.9
514,1349766817,523832,29313600,50040,0.173434999,0.9
515,1349720669,507943,29374658,46148,0.1763819,0.9
516,1349683103,485016,29434244,37566,0.178726405,0.9
517,1349637152,473089,29491305,45951,0.181914985,0.9
518,1349588366,468935,29543240,48786,0.184702311,0.9
519,1349541749,473388,29584551,46617,0.186906895,0.9
520,1349497638,467096,29634216,44111,0.188443502,0.9
521,1349454567,456401,29687027,43071,0.188350671,0.9
522,1349414771,444786,29737715,39796,0.188093167,0.9
523,1349380068,431145,29785506,34703,0.189285722,0.9
524,1349336335,424725,29834729,43733,0.191247718,0.9
525,1349290443,424657,29879872,45892,0.192694679,0.9
526,1349247050,430426,29916585,43393,0.193511491,0.9
527,1349204284,426773,29961798,42766,0.195322195,0.9
528,1349162778,419553,30009629,41506,0.196802465,0.9
529,1349125624,410089,30055523,37154,0.197205692,0.9
530,1349092718,397417,30099081,32906,0.197859182,0.9
531,1349053926,393444,30141222,38792,0.196747825,0.9
532,1349012120,395690,30180201,41806,0.196229945,0.9
533,1348973171,400305,30213993,38949,0.195139912,0.9
534,1348935092,395297,30256520,38079,0.193908732,0.9
535,1348893935,390939,30301517,41157,0.195919892,0.9
536,1348855771,385935,30344186,38164,0.19857484,0.9
537,1348825678,374908,30384932,30093,0.197916906,0.9
538,1348783663,372043,30425814,42015,0.202148643,0.9
539,1348742280,376346,30462387,41383,0.203609257,0.9
540,1348706938,378841,30494751,35342,0.202292236,0.9
541,1348667841,379160,30532983,39097,0.204658878,0.9
542,1348628099,377079,30574271,39742,0.204869338,0.9
543,1348588738,377574,30612721,39361,0.206852078,0.9
544,1348559049,369143,30650426,29689,0.207048583,0.9
545,1348515395,374998,30687585,43654,0.208864923,0.9
546,1348471886,380210,30725242,43509,0.21027275,0.9
547,1348427656,394275,30754852,44230,0.216834377,0.9
548,1348386007,393862,30796321,41649,0.217551982,0.9
549,1348344176,394304,30837169,41831,0.217965233,0.9
550,1348304042,399090,30872095,40134,0.217211493,0.9
551,1348273493,390535,30910777,30549,0.216606834,0.9
552,1348230868,393496,30949879,42625,0.213949306,0.9
553,1348187886,397224,30988600,42982,0.211969722,0.9
554,1348143243,412269,31017734,44643,0.210823739,0.9
555,1348104615,407219,31060795,38628,0.207338716,0.9
556,1348065545,402830,31103763,39070,0.204343305,0.9
557,1348030046,394074,31147571,35499,0.200354031,0.9
558,1348001842,380678,31188798,28204,0.198903053,0.9
559,1347963489,377265,31230067,38353,0.196453698,0.9
560,1347922294,378369,31269668,41195,0.196449125,0.9
561,1347882174,387819,31299753,40120,0.194597142,0.9
562,1347843507,384000,31341761,38667,0.196359813,0.9
563,1347807424,377099,31384252,36083,0.195786824,0.9
564,1347774487,365423,31428448,32937,0.195563313,0.9
565,1347749321,351897,31466703,25166,0.194776771,0.9
566,1347714143,348062,31505276,35178,0.194553389,0.9
567,1347677742,348924,31540285,36401,0.193210058,0.9
568,1347641171,357336,31567904,36571,0.192857799,0.9
569,1347606714,353543,31605779,34457,0.191904459,0.9
570,1347575766,343386,31646481,30948,0.190028158,0.9
571,1347550694,328366,31686184,25072,0.185840024,0.9
572,1347525227,315249,31724414,25467,0.18838561,0.9
573,1347487634,316551,31760057,37593,0.194032339,0.9
574,1347441470,329701,31792464,46164,0.206108259,0.9
575,1347396812,349237,31817090,44658,0.215079222,0.9
576,1347350053,360684,31851893,46759,0.226046634,0.9
577,1347304970,369309,31887891,45083,0.237012656,0.9
578,1347262061,375656,31924073,42909,0.249651492,0.9
579,1347231120,372144,31958176,30941,0.251063595,0.9
580,1347189155,383349,31988476,41965,0.249173842,0.9
581,1347142063,405467,32012941,47092,0.242454558,0.9
582,1347096711,425482,32037912,45352,0.235556419,0.9
583,1347054093,430686,32074996,42618,0.225694086,0.9
584,1347011327,427440,32120700,42766,0.218180943,0.9
585,1346972379,421891,32164978,38948,0.210850653,0.9
586,1346941157,406414,32211387,31222,0.208408595,0.9
587,1346903282,399297,32256010,37875,0.202686352,0.9
588,1346860019,399822,32298410,43263,0.198450568,0.9
589,1346825046,403960,32328985,34973,0.19132036,0.9
590,1346791670,395393,32370620,33376,0.186190816,0.9
591,1346763079,376862,32417404,28591,0.178295766,0.9
592,1346735825,358764,32462537,27254,0.172796407,0.9
593,1346710421,341501,32504865,25404,0.171864773,0.9
594,1346683245,325996,32547262,27176,0.167883275,0.9
595,1346652675,317525,32585872,30570,0.163621509,0.9
596,1346618272,320646,32616834,34403,0.16973771,0.9
597,1346582610,318460,32654401,35662,0.178114592,0.9
598,1346551837,305999,32697326,30773,0.185238985,0.9
599,1346521581,301206,32732080,30256,0.193018759,0.9
600,1346495466,294032,32765117,26115,0.197675427,0.9
601,1346468502,292306,32793424,26964,0.201229986,0.9
602,1346436579,297124,32820247,31923,0.205754698,0.9
603,1346405197,303104,32845331,31382,0.204960881,0.9
604,1346375581,305535,32872226,29616,0.201009667,0.9
605,1346347255,303340,32902487,28326,0.199865709,0.9
606,1346321214,294997,32936595,26041,0.196054614,0.9
607,1346302419,278203,32972005,18795,0.189325813,0.942857143
608,1346283549,266305,33002395,18870,0.182337164,0.985714286
609,1346260020,259549,33032369,23529,0.176233081,1.028571429
610,1346233293,260202,33058166,26727,0.175462651,1.071428571
611,1346208939,257648,33084840,24354,0.174261826,1.114285714
612,1346186097,248583,33116503,22842,0.173077924,1.157142857
613,1346165298,238096,33147609,20799,0.172443216,1.2
614,1346146952,226742,33177046,18346,0.176352732,1.2
615,1346128119,217349,33204994,18833,0.180816175,1.2
616,1346105688,213732,33230724,22431,0.185168518,1.2
617,1346084431,216200,33249242,21257,0.184141393,1.2
618,1346064691,217056,33267878,19740,0.183473019,1.2
619,1346046525,211723,33291163,18166,0.182022008,1.2
620,1346028393,203115,33317710,18132,0.182601592,1.2
621,1346014080,193156,33341801,14313,0.180674832,1.2
622,1345998257,186189,33364365,15823,0.180343027,1.2
623,1345979270,184449,33384846,18987,0.179986908,1.2
624,1345962408,182857,33402921,16862,0.177634995,1.2
625,1345946427,180087,33421506,15981,0.176492557,1.2
626,1345932281,171872,33443723,14146,0.174988466,1.214285714
627,1345918685,164238,33464787,13596,0.173076245,1.228571429
628,1345905627,157573,33484346,13058,0.175725925,1.242857143
629,1345891004,154059,33502286,14623,0.17891611,1.257142857
630,1345872550,154467,33520172,18454,0.184135511,1.271428571
631,1345856764,156088,33534106,15786,0.187295254,1.285714286
632,1345840438,156091,33549763,16326,0.192335834,1.3
633,1345824532,152593,33568606,15906,0.19917875,1.3
634,1345810226,149760,33585302,14306,0.203471814,1.3
635,1345797798,146015,33601119,12428,0.204493102,1.3
636,1345784347,144932,33615068,13451,0.204295835,1.3
637,1345768191,146919,33628504,16156,0.201863288,1.285714286
638,1345753843,147635,33641331,14348,0.200536254,1.271428571
639,1345739530,147442,33655288,14313,0.19829835,1.257142857
640,1345726700,141933,33673181,12830,0.19393951,1.242857143
641,1345714186,138853,33688524,12514,0.192305358,1.228571429
642,1345703763,132863,33704494,10423,0.189986256,1.214285714
643,1345691860,129134,33719815,11903,0.189246233,1.2
644,1345678975,127985,33733388,12885,0.185822477,1.2
645,1345666246,128870,33745011,12729,0.186351107,1.2
646,1345655317,126505,33757913,10929,0.182795253,1.2
647,1345644464,121122,33773623,10853,0.182437566,1.2
648,1345633013,118210,33787720,11451,0.184306396,1.2
649,1345622887,114134,33801590,10126,0.187412504,1.2
650,1345611421,112621,33814109,11466,0.190599824,1.2
651,1345598330,113319,33826162,13091,0.195424425,1.2
652,1345585814,115132,33836364,12516,0.198647122,1.2
653,1345573964,114916,33847875,11850,0.203957849,1.2
654,1345562693,113543,33860234,11271,0.20756042,1.2
655,1345552464,111184,33872697,10229,0.2062576,1.2
656,1345543599,109255,33883294,8865,0.204521905,1.2
657,1345533402,108758,33893687,10197,0.202434697,1.2
658,1345521483,109096,33904798,11919,0.20048874,1.2
659,1345510377,110118,33914423,11106,0.197956119,1.2
660,1345500075,109242,33925334,10302,0.195211706,1.2
661,1345489587,106611,33938140,10488,0.194605722,1.2
662,1345481099,102459,33950531,8488,0.191538219,1.2
663,1345473520,98149,33962184,7579,0.189851041,1.2
664,1345464237,96025,33973154,9283,0.190218356,1.2
665,1345455118,94989,33982913,9119,0.185933567,1.2
666,1345444569,96644,33991319,10549,0.188647134,1.2
667,1345436251,94567,34001249,8318,0.186454764,1.2
668,1345427477,91114,34012855,8774,0.185510632,1.192857143
669,1345419168,88330,34023712,8309,0.18890439,1.185714286
670,1345412178,85064,34033778,6990,0.190418742,1.178571429
671,1345403224,83700,34043829,8954,0.193550241,1.171428571
672,1345393459,84896,34051921,9765,0.199911467,1.164285714
673,1345384243,86630,34059012,9216,0.199180706,1.157142857
674,1345375640,86000,34067830,8603,0.203061714,1.15
675,1345366745,83601,34076328,8895,0.206183946,1.15
676,1345358439,81383,34086641,8306,0.208576431,1.15
677,1345351617,79857,34094769,6822,0.209952215,1.15
678,1345343178,79594,34103276,8439,0.210075075,1.15
679,1345333759,81022,34111108,9419,0.210566446,1.15
680,1345325256,82302,34117707,8503,0.209509984,1.15
681,1345317264,81362,34126246,7992,0.208866014,1.15
